<application>
  <component name="ExportableFileTemplateSettings">
    <default_templates>
      <template name="Kotlin MVVM + Compose + Dagger.kt" file-name="${NAME}Fragment" reformat="true" live-template-enabled="false">
        <template name="Kotlin MVVM + Compose + Dagger.kt.child.0.kt" file-name="${NAME}Module" reformat="true" live-template-enabled="false" />
        <template name="Kotlin MVVM + Compose + Dagger.kt.child.1.kt" file-name="${NAME}Component" reformat="true" live-template-enabled="false" />
        <template name="Kotlin MVVM + Compose + Dagger.kt.child.2.kt" file-name="${NAME}ViewModel" reformat="true" live-template-enabled="false" />
      </template>
      <template name="Kotlin MVVM + Compose + Dagger.kt.child.0.kt" file-name="${NAME}Module" reformat="true" live-template-enabled="false" />
      <template name="Kotlin MVVM + Compose + Dagger.kt.child.1.kt" file-name="${NAME}Component" reformat="true" live-template-enabled="false" />
      <template name="Kotlin MVVM + Compose + Dagger.kt.child.2.kt" file-name="${NAME}ViewModel" reformat="true" live-template-enabled="false" />
    </default_templates>
  </component>
</application>